{"quantstamp": 36.41116275467582, "emercoin": 31.470679028586773, "wax": 37.25444596377488, "raiden-network-token": 57.412312525944444, "bitcoindark": 11.031264515672069, "enjin-coin": 10.78383271893805, "zencash": 43.214886066218156, "santiment": 50.39301700878587, "genesis-vision": 41.8460451410532, "digitalnote": 10.658509151492073, "poet": 42.616196679528606, "storm": 36.86641000629211, "storj": 53.92054412729903, "decentraland": 42.70747655871077, "skycoin": 58.23089212969992, "time-new-bank": 10.038428476261762, "agoras-tokens": 36.16750454850228, "nav-coin": 47.56820761640485, "achain": 48.972609859487434, "rlc": 46.985807426358676, "blockv": 35.99642022309802, "ubiq": 37.80764701841373, "theta-token": 37.82299636269455, "medishares": 42.81408827518327, "supernet-unity": 35.541466500495126, "pura": 42.562860345932094, "bitcoin": 71.33369738465967, "ethereum": 71.8061842300627, "ripple": 62.3026699739268, "bitcoin-cash": 46.61908243840391, "litecoin": 43.098232321086655, "neo": 51.25110330442734, "cardano": 61.99238165905106, "stellar": 58.43786882112722, "monero": 71.85822997629455, "eos": 66.99490494712776, "medibloc": 36.425518925539976, "oyster": 54.61967254180629, "experience-points": 49.23771398474161, "adx-net": 41.74710501992565, "salus": 42.43673926969891, "asch": 49.29535134535003, "edgeless": 35.95712347360333, "amber": 37.94877573850369, "vibe": 35.95103212656392, "telcoin": 39.124710216956196, "minexcoin": 36.6751487369161, "iot-chain": 48.56739104925389, "cloakcoin": 48.913741008460136, "sonm": 51.61443147809462, "ink": 49.903601738776274, "quantum-resistant-ledger": 54.62375331977691, "c20": 35.94473699868296, "ion": 20.868789030202148, "library-credit": 56.05294842747176, "simple-token": 45.188785379446394, "peercoin": 42.0584437494187, "melon": 51.499791854184295, "wepower": 45.06246125635378, "spankchain": 41.55873037706999, "bibox-token": 42.410714285714285, "burst": 26.658226641006806, "jibrel-network": 37.53288370072425, "xtrabytes": 39.73502520213577, "nuls": 44.69196329652651, "ripio-credit-network": 35.941889124909714, "wagerr": 49.3377775378891, "cobinhood": 48.62258087199872, "einsteinium": 31.4798494067122, "streamr-datacoin": 9.511295146734268, "sirin-labs-token": 43.400480096935304, "counterparty": 45.90877453428616, "ucash": 14.837859457620404, "cybermiles": 47.39559278651308, "ins-ecosystem": 36.53731119291727, "html-coin": 69.31096718419971, "delphy": 39.260636845390245, "viacoin": 59.03137354032015, "origintrail": 48.75454505978726, "veritaseum": 15.665038436899422, "komodo": 23.14712428456489, "electroneum": 44.166219297962954, "ark": 57.10057169805085, "hshare": 40.745006097487675, "syscoin": 37.6754939454694, "bytom": 51.98053552500668, "cryptonex": 42.70026431555669, "golem-network-tokens": 55.6986697161209, "dragonchain": 43.59118225808957, "digibyte": 68.74244196707478, "pivx": 44.31086055224848, "revain": 35.940902345378674, "factom": 38.70279016389478, "monacoin": 65.64102531636783, "zilliqa": 51.48873872111207, "loopring": 50.59320308147426, "aelf": 50.284249477602096, "aion": 51.561803940306525, "nebulas-token": 52.44491578835554, "byteball": 52.05103690990115, "reddcoin": 35.19849315957577, "zcoin": 52.38785917558724, "particl": 36.55253955876997, "gxshares": 42.67091779264705, "kyber-network": 50.01715730270334, "polymath-network": 51.07879329269501, "dentacoin": 37.71449486559639, "enigma-project": 69.63509184984879, "bitcore": 45.9018332667779, "neblio": 49.85536276762715, "bancor": 47.912031329646354, "request-network": 47.02595009018116, "smartcash": 23.528414599333562, "maidsafecoin": 49.48264954390281, "blocknet": 39.33070953631681, "nexus": 50.083338836354315, "singularitynet": 45.05065561950584, "pillar": 10.165577129292728, "vertcoin": 43.03812404698643, "iota": 48.26567747972707, "dash": 42.24115713172857, "nem": 38.12643551416659, "tron": 55.88808322014317, "ethereum-classic": 71.03354826773214, "nano": 56.025571456521064, "lisk": 57.74289882113233, "qtum": 70.66152441487216, "bitcoin-gold": 68.64913073057897, "omisego": 38.75456354945578, "icon": 50.738655286856535, "zcash": 71.27302146838971, "digixdao": 38.95160917292175, "steem": 58.586021948783504, "verge": 57.140118927554795, "stratis": 57.50541267978596, "bytecoin-bcn": 40.572232690149896, "populous": 49.579699631591915, "siacoin": 59.494548227284426, "waves": 55.78985714761675, "rchain": 54.47799646042658, "dogecoin": 65.46232325948095, "bitshares": 28.965202006249346, "decred": 41.558236235103315, "aeternity": 53.01858612748433, "status": 71.32329413622521, "augur": 53.6978498474219, "0x": 52.20210704377338}