{"quantstamp": 37.84937491014544, "emercoin": 33.158741176238884, "wax": 37.09087446159511, "raiden-network-token": 60.19238910873207, "bitcoindark": 11.493426863422389, "enjin-coin": 11.643837528905015, "zencash": 48.305910699946104, "santiment": 53.948115685315166, "genesis-vision": 38.952353186618026, "digitalnote": 14.328822193281516, "poet": 70.45683233735586, "storm": 39.05198475395947, "storj": 56.63207215217872, "decentraland": 45.98781743444339, "skycoin": 77.02846868036116, "time-new-bank": 10.563024645778546, "agoras-tokens": 36.2758831743138, "nav-coin": 53.04788605541515, "achain": 52.54252958059352, "rlc": 49.33401586343366, "blockv": 36.11529067486623, "ubiq": 39.04494854488482, "theta-token": 36.2133661236118, "medishares": 51.36464169970537, "supernet-unity": 47.94451040670067, "pura": 36.10743254428075, "bitcoin": 74.099365742302, "ethereum": 75.40435334965798, "ripple": 70.56798039610653, "bitcoin-cash": 51.123170832772935, "litecoin": 46.82142072021141, "neo": 56.4625744538008, "cardano": 64.53711904508921, "stellar": 61.83560664098877, "monero": 76.68697305569634, "eos": 78.7557067130164, "medibloc": 39.19282254593271, "oyster": 57.37796879402083, "experience-points": 51.853701123516515, "adx-net": 40.74412171855559, "salus": 35.781534514153286, "asch": 54.20356491820164, "edgeless": 36.83940688700456, "amber": 42.62575618919877, "vibe": 36.29122353870725, "telcoin": 37.526126178976924, "minexcoin": 38.96853941536562, "iot-chain": 57.60851030514951, "cloakcoin": 59.83090665475343, "sonm": 60.65304810229839, "ink": 53.84358624714037, "quantum-resistant-ledger": 58.85046360246918, "c20": 36.08599536646408, "ion": 28.189393838046424, "library-credit": 58.649765945607314, "simple-token": 50.94290425421711, "peercoin": 50.167454671068924, "melon": 55.21156317681534, "wepower": 48.90978754388712, "spankchain": 37.52435801017941, "bibox-token": 35.714285714285715, "burst": 37.44017571887772, "jibrel-network": 52.11556863893739, "xtrabytes": 37.21552392826512, "nuls": 44.97572190814954, "ripio-credit-network": 37.55820621188096, "wagerr": 52.203044126478105, "cobinhood": 51.8789976968117, "einsteinium": 31.81021154892308, "streamr-datacoin": 9.973745884352956, "sirin-labs-token": 48.66834344619973, "counterparty": 57.20676848762077, "ucash": 13.886940079390989, "cybermiles": 54.98561069677071, "ins-ecosystem": 46.381188889580145, "html-coin": 72.41963573028058, "delphy": 45.254012972742345, "viacoin": 58.51045054309573, "origintrail": 52.21169789160358, "veritaseum": 9.032031120675384, "komodo": 27.12099479016194, "electroneum": 47.67322093465846, "ark": 60.235618130604216, "hshare": 37.7336429961684, "syscoin": 39.251576678868446, "bytom": 57.70543914637418, "cryptonex": 348.14914880691686, "golem-network-tokens": 59.91559991206476, "dragonchain": 49.85121852348186, "digibyte": 70.95480467588595, "pivx": 46.98383830182261, "revain": 36.08353334553499, "factom": 38.88175339151532, "monacoin": 66.39351978202157, "zilliqa": 54.39914292425154, "loopring": 55.89047018579936, "aelf": 56.74549203116598, "aion": 55.251706309561676, "nebulas-token": 57.71656901321076, "byteball": 54.59847170612724, "reddcoin": 32.05704170839626, "zcoin": 55.0878176390147, "particl": 35.209830474263285, "gxshares": 42.257630235510405, "kyber-network": 53.74768634234, "polymath-network": 60.69814257470395, "dentacoin": 37.103547007874965, "enigma-project": 72.7252982692424, "bitcore": 49.69093898790697, "neblio": 52.91302461902349, "bancor": 51.326105080262785, "request-network": 50.186223211654934, "smartcash": 27.252739447520664, "maidsafecoin": 56.21617208577895, "blocknet": 48.040966240443275, "nexus": 54.83216394487557, "singularitynet": 50.5308676900055, "pillar": 10.418749514430479, "vertcoin": 46.496517839034844, "iota": 51.84180826689556, "dash": 47.86964850533718, "nem": 37.152702839561165, "tron": 58.662798342817645, "ethereum-classic": 74.76153534625205, "nano": 58.76870503087357, "lisk": 65.87419035810257, "qtum": 74.36528771878042, "bitcoin-gold": 72.15699895971936, "omisego": 40.950095378057036, "icon": 55.009847527916676, "zcash": 74.60484288529251, "digixdao": 42.092667251287075, "steem": 61.52094433639284, "verge": 60.91104817954813, "stratis": 61.133313711651205, "bytecoin-bcn": 37.19422452753524, "populous": 120.85354960810942, "siacoin": 62.33808525631361, "waves": 59.15058452057421, "rchain": 68.84003037701217, "dogecoin": 72.99683638512332, "bitshares": 33.173495529714494, "decred": 44.64906831057993, "aeternity": 56.36747582649851, "status": 75.97462972151065, "augur": 56.931919048397404, "0x": 55.59011649805522}