{"quantstamp": 38.92230945849305, "emercoin": 33.91326434467917, "wax": 39.69284016252132, "raiden-network-token": 59.4682578559909, "bitcoindark": 13.111457636513139, "enjin-coin": 12.657270751624688, "zencash": 45.76045021963736, "santiment": 52.813962327695506, "genesis-vision": 41.8460451410532, "digitalnote": 12.761635548046366, "poet": 43.53812186498395, "storm": 39.21627992098541, "storj": 56.02367052385333, "decentraland": 45.33220661981488, "skycoin": 60.930907063907554, "time-new-bank": 12.118621597102832, "agoras-tokens": 36.56486317453404, "nav-coin": 49.63644912499701, "achain": 51.107923032571776, "rlc": 49.65426613825946, "blockv": 37.88817573965936, "ubiq": 40.50579038719195, "theta-token": 38.935749814682175, "medishares": 42.81408827518327, "supernet-unity": 38.1916346516461, "pura": 44.91839790315219, "bitcoin": 73.72623944226572, "ethereum": 74.50703411163192, "ripple": 64.7574408732528, "bitcoin-cash": 46.61908243840391, "litecoin": 45.475463247055984, "neo": 53.58932628184058, "cardano": 61.990379737206105, "stellar": 60.87200494945547, "monero": 74.37451945980881, "eos": 69.1818215570992, "medibloc": 39.10886600299067, "oyster": 54.61967254180629, "experience-points": 50.550992030693806, "adx-net": 43.76391298039059, "salus": 43.895931910043686, "asch": 51.901900411340826, "edgeless": 35.95712347360333, "amber": 40.507040787388746, "vibe": 36.58117082473474, "telcoin": 41.65944971029391, "minexcoin": 38.61789958648554, "iot-chain": 50.10544147996525, "cloakcoin": 51.467032300355754, "sonm": 53.617376158530526, "ink": 52.15429062590734, "quantum-resistant-ledger": 57.325014298772295, "c20": 36.34209562471472, "ion": 23.536361659733434, "library-credit": 58.24581886970124, "simple-token": 47.19173005988231, "peercoin": 44.378373389575046, "melon": 54.11495168207304, "wepower": 47.34948875544024, "spankchain": 44.25509787211655, "bibox-token": 42.410714285714285, "burst": 29.34816802449817, "jibrel-network": 40.23358460169262, "xtrabytes": 41.194217842480555, "nuls": 47.12609942485476, "ripio-credit-network": 35.93988720306475, "wagerr": 51.473090710973445, "cobinhood": 50.54894976142765, "einsteinium": 33.95001150501678, "streamr-datacoin": 11.79832264582074, "sirin-labs-token": 46.086076690297176, "counterparty": 48.53196495485147, "ucash": 16.672389583702255, "cybermiles": 49.209414329749194, "ins-ecosystem": 38.480062042486715, "html-coin": 71.76173949939673, "delphy": 39.25863492354527, "viacoin": 61.4188987229902, "origintrail": 50.627983092473904, "veritaseum": 17.35965973412361, "komodo": 25.732491544349017, "electroneum": 46.85616068145431, "ark": 59.61481821914606, "hshare": 43.191716994890115, "syscoin": 40.019593267392125, "bytom": 54.599232513590266, "cryptonex": 44.65883137666798, "golem-network-tokens": 58.054207273341, "dragonchain": 46.28618001055668, "digibyte": 71.28267034808505, "pivx": 46.53785414878534, "revain": 35.940902345378674, "factom": 40.771031672486934, "monacoin": 68.01825624233715, "zilliqa": 53.88128077871811, "loopring": 52.68501946545157, "aelf": 52.42975157163602, "aion": 53.6300454488987, "nebulas-token": 55.05808807398268, "byteball": 54.60930195878619, "reddcoin": 37.7859219783639, "zcoin": 54.60660586633639, "particl": 38.959635773135226, "gxshares": 45.19419948852628, "kyber-network": 52.191757933175474, "polymath-network": 53.44536794654409, "dentacoin": 40.358631610025306, "enigma-project": 71.96123309090417, "bitcore": 48.29437532438395, "neblio": 51.3934131983385, "bancor": 50.54967959737332, "request-network": 48.8993881228678, "smartcash": 25.5170490343422, "maidsafecoin": 51.61796271698715, "blocknet": 41.573668290246594, "nexus": 52.26718146418862, "singularitynet": 47.75025419544532, "pillar": 12.408535883222514, "vertcoin": 45.2651176435233, "iota": 50.68662279863672, "dash": 44.607731785577656, "nem": 39.541281855176074, "tron": 57.93137035622442, "ethereum-classic": 73.72521972945349, "nano": 58.04237941698601, "lisk": 60.44542585394029, "qtum": 73.3499676535529, "bitcoin-gold": 70.52256876326561, "omisego": 41.25284924447811, "icon": 53.42666578308985, "zcash": 73.50808372116859, "digixdao": 41.530617807222335, "steem": 61.117957994938024, "verge": 59.841469407464295, "stratis": 60.01965920088117, "bytecoin-bcn": 43.265706332135636, "populous": 50.20983832976273, "siacoin": 61.98949899858813, "waves": 58.375224407400886, "rchain": 57.13483352774664, "dogecoin": 68.03694365370083, "bitshares": 31.656088667159306, "decred": 44.10380038852252, "aeternity": 55.098779248325414, "status": 73.62386591164642, "augur": 56.279007428151964, "0x": 54.73684653711109}