{"quantstamp": 40.18756395169485, "emercoin": 35.10378338779327, "wax": 39.01522473472869, "raiden-network-token": 61.020066645563716, "bitcoindark": 12.362488277095622, "enjin-coin": 12.223211804687171, "zencash": 50.89240300254501, "santiment": 55.78969820476558, "genesis-vision": 38.952353186618026, "digitalnote": 15.23926748379633, "poet": 70.56029202945983, "storm": 40.603880135518814, "storj": 57.542517442693544, "decentraland": 49.38129533545317, "skycoin": 82.47044848502927, "time-new-bank": 11.432086059451779, "agoras-tokens": 36.31726705115537, "nav-coin": 53.89625553066759, "achain": 53.515050686370714, "rlc": 53.493095486012706, "blockv": 36.71535688906918, "ubiq": 44.32139284218659, "theta-token": 36.35820969255734, "medishares": 51.36464169970537, "supernet-unity": 51.731135137705486, "pura": 37.680019864260885, "bitcoin": 75.81679663122767, "ethereum": 81.86023813694486, "ripple": 72.57509842292328, "bitcoin-cash": 51.123170832772935, "litecoin": 48.47677579387471, "neo": 57.97308595851855, "cardano": 64.55781098351001, "stellar": 63.73926497570157, "monero": 88.83314090870081, "eos": 96.61284957015924, "medibloc": 43.76574093692758, "oyster": 110.59246142769075, "experience-points": 52.06062050772443, "adx-net": 41.50972344012487, "salus": 36.050529713623575, "asch": 57.3694314965827, "edgeless": 36.83940688700456, "amber": 45.315708183901634, "vibe": 36.353299353969625, "telcoin": 40.029850727892665, "minexcoin": 39.63068144483094, "iot-chain": 57.91888938146138, "cloakcoin": 62.479474772614715, "sonm": 61.39795788544687, "ink": 55.08510255238785, "quantum-resistant-ledger": 65.24427257449369, "c20": 36.127379243305654, "ion": 32.32778152220468, "library-credit": 59.746438681909254, "simple-token": 51.6878140373656, "peercoin": 51.61589036052431, "melon": 58.480889447300356, "wepower": 50.25476354123855, "spankchain": 42.676650676956434, "bibox-token": 35.714285714285715, "burst": 42.26139737092208, "jibrel-network": 58.59214536464506, "xtrabytes": 37.4845191277354, "nuls": 46.87938024286233, "ripio-credit-network": 37.57889815030175, "wagerr": 53.17556523225528, "cobinhood": 52.52044778785624, "einsteinium": 33.900097329423, "streamr-datacoin": 11.318721881704388, "sirin-labs-token": 56.220900969788545, "counterparty": 60.57955445020975, "ucash": 14.424930478331563, "cybermiles": 55.50290915729049, "ins-ecosystem": 47.04333091904547, "html-coin": 74.40606181867653, "delphy": 45.27470491116313, "viacoin": 60.20718949360061, "origintrail": 52.791072167385735, "veritaseum": 9.44586988909121, "komodo": 30.059250045914297, "electroneum": 52.494442586702824, "ark": 62.59449911057443, "hshare": 39.69937714614357, "syscoin": 40.782780122007, "bytom": 67.51341795782925, "cryptonex": 348.83198277480295, "golem-network-tokens": 61.4881872320449, "dragonchain": 54.92074343657571, "digibyte": 73.49991310164327, "pivx": 48.16327879180771, "revain": 36.08353334553499, "factom": 39.73012286676776, "monacoin": 68.04887485568487, "zilliqa": 56.11657381317722, "loopring": 56.78022353789339, "aelf": 57.738705075363974, "aion": 56.100075784814116, "nebulas-token": 67.66939139361135, "byteball": 57.2884237008301, "reddcoin": 35.01598890256941, "zcoin": 56.246566190579, "particl": 36.98933717845133, "gxshares": 44.67858703074298, "kyber-network": 54.802975201800365, "polymath-network": 62.31211377152567, "dentacoin": 40.78671204677581, "enigma-project": 74.19442589711858, "bitcore": 51.40836987683265, "neblio": 53.22340369533536, "bancor": 54.90581042705968, "request-network": 50.765597487437084, "smartcash": 27.976957292248354, "maidsafecoin": 57.18869319155614, "blocknet": 49.26179060726996, "nexus": 55.90814474275672, "singularitynet": 55.93146361783202, "pillar": 11.639573881257164, "vertcoin": 47.67595832901995, "iota": 53.68339078634599, "dash": 49.4836197021589, "nem": 37.401006100610665, "tron": 59.469783941228506, "ethereum-classic": 81.98302185510819, "nano": 59.53430675244283, "lisk": 71.91623637697361, "qtum": 79.12443355556242, "bitcoin-gold": 72.73637323550152, "omisego": 43.20551666592329, "icon": 62.438253420980736, "zcash": 75.8049753136984, "digixdao": 44.96884669177706, "steem": 64.00397694688779, "verge": 66.51856349158255, "stratis": 63.49219469162142, "bytecoin-bcn": 42.180981686945934, "populous": 120.9156254233718, "siacoin": 64.57281460575906, "waves": 62.088839776326566, "rchain": 72.75080673854173, "dogecoin": 75.83163194877173, "bitshares": 38.03610105860044, "decred": 47.23556061317883, "aeternity": 57.23653724017175, "status": 77.36098959570367, "augur": 59.82879042730818, "0x": 58.093841046970965}