{"quantstamp": 46.062092173818854, "emercoin": 40.92847139555429, "wax": 44.01885146534474, "raiden-network-token": 63.43225798202238, "bitcoindark": 14.636844820279652, "enjin-coin": 13.528623011447246, "zencash": 57.549004225919006, "santiment": 60.53882490527076, "genesis-vision": 37.266142271147814, "digitalnote": 15.243852545595171, "poet": 53.053785397380835, "storm": 45.003723491440645, "storj": 60.15773081853932, "decentraland": 59.11932755035232, "skycoin": 86.63206785244132, "time-new-bank": 13.381010474836538, "agoras-tokens": 36.368464567995204, "nav-coin": 56.25436710859522, "achain": 56.304054667005644, "rlc": 65.35732875806202, "blockv": 38.4110752437999, "ubiq": 59.73225252248581, "theta-token": 36.6017249747256, "medishares": 47.241738689388484, "supernet-unity": 56.72327695141035, "pura": 42.16458446496469, "bitcoin": 75.81679663122767, "ethereum": 81.86023813694486, "ripple": 72.57509842292328, "bitcoin-cash": 51.123170832772935, "litecoin": 48.47677579387471, "neo": 57.97308595851855, "cardano": 64.55781098351001, "stellar": 63.73926497570157, "monero": 88.83314090870081, "eos": 96.61284957015924, "medibloc": 39.937359588485904, "oyster": 75.21046841374327, "experience-points": 51.90784135652669, "adx-net": 40.92446431071028, "salus": 35.84441063420884, "asch": 54.68564384385084, "edgeless": 36.701811645410146, "amber": 43.19545999088496, "vibe": 36.25513143228109, "telcoin": 38.0004202856304, "minexcoin": 39.109034013941496, "iot-chain": 56.77349509943049, "cloakcoin": 59.232673300296845, "sonm": 59.83333990517019, "ink": 54.01302205831996, "quantum-resistant-ledger": 60.3265810380461, "c20": 36.07594011801579, "ion": 29.186621172411385, "library-credit": 58.92911231578363, "simple-token": 51.12861869800733, "peercoin": 50.06285083241205, "melon": 55.99153225981354, "wepower": 52.44661360265032, "spankchain": 51.33060483921158, "bibox-token": 35.714285714285715, "burst": 47.481083626560846, "jibrel-network": 62.53150597991205, "xtrabytes": 38.02353908276919, "nuls": 50.241497606416715, "ripio-credit-network": 37.58461044068297, "wagerr": 54.9287015410619, "cobinhood": 53.688645763776, "einsteinium": 39.599745650934366, "streamr-datacoin": 13.519714018407921, "sirin-labs-token": 69.12211187687043, "counterparty": 63.85715870485505, "ucash": 14.627259847731652, "cybermiles": 54.75723070893124, "ins-ecosystem": 44.836549618306435, "html-coin": 79.92058608951241, "delphy": 45.23093680463314, "viacoin": 65.22969963775076, "origintrail": 53.86913359834943, "veritaseum": 10.844573881054568, "komodo": 40.86784532086973, "electroneum": 74.64538105095437, "ark": 75.26439236878718, "hshare": 52.73308712099303, "syscoin": 42.547360843652, "bytom": 76.57984211163183, "cryptonex": 44.168154715029715, "golem-network-tokens": 61.62795299411783, "dragonchain": 59.9139300969137, "digibyte": 76.27198546366029, "pivx": 49.44075486860283, "revain": 35.94344838432797, "factom": 40.55646802725004, "monacoin": 69.47574703334695, "zilliqa": 57.64029930957296, "loopring": 55.98055436928859, "aelf": 55.418296185324444, "aion": 56.13372957151894, "nebulas-token": 76.02777823133904, "byteball": 59.843767453288066, "reddcoin": 38.16899404534695, "zcoin": 57.388946131353144, "particl": 38.79500895168848, "gxshares": 46.97051812279215, "kyber-network": 55.7431768987318, "polymath-network": 57.32988334763498, "dentacoin": 44.42713704398232, "enigma-project": 75.66690410649026, "bitcore": 52.663608692971565, "neblio": 53.33585063081586, "bancor": 58.34774790140074, "request-network": 51.03301886568317, "smartcash": 28.71740868284161, "maidsafecoin": 57.389134600740555, "blocknet": 49.86191260179382, "nexus": 55.49149300169061, "singularitynet": 60.440879587698305, "pillar": 12.798165423157428, "vertcoin": 49.012259434769355, "iota": 56.79953213534933, "dash": 51.888022775720124, "nem": 37.71172814885947, "tron": 60.744341791268106, "ethereum-classic": 94.69448235374456, "nano": 60.80625619125867, "lisk": 78.18964684615578, "qtum": 87.60643229485994, "bitcoin-gold": 73.84244372261678, "omisego": 47.14378837554733, "icon": 75.28162580779934, "zcash": 77.46355696247045, "digixdao": 49.79297519892212, "steem": 68.37088823274489, "verge": 76.40149079884242, "stratis": 66.95641291007288, "bytecoin-bcn": 50.92467576988364, "populous": 58.4131397461022, "siacoin": 68.51339870976967, "waves": 66.8750229685853, "rchain": 69.30583715758976, "dogecoin": 80.9099286359609, "bitshares": 46.5903063820068, "decred": 51.676903711868015, "aeternity": 58.20451483368105, "status": 78.11333296304814, "augur": 64.88052637488049, "0x": 61.95518181126393}