{"bitcoin": 20.24953547884152, "currency2": 27.35088726144544, "currency3": 28.77513278159033, "currency4": 41.91397349480332, "currency5": 100.0}